INSERT [dbo].[aspnet_Applications] ([ApplicationName], [LoweredApplicationName], [ApplicationId], [Description]) VALUES (N'aExpense', N'aexpense', N'4450c5b0-924e-4de8-ba94-0ece7434e80c', NULL)
INSERT [dbo].[aspnet_Users] ([ApplicationId], [UserId], [UserName], [LoweredUserName], [MobileAlias], [IsAnonymous], [LastActivityDate]) VALUES (N'4450c5b0-924e-4de8-ba94-0ece7434e80c', N'016d7f30-181c-4e97-9447-23374e459427', N'ADATUM\johndoe', N'adatum\johndoe', NULL, 0, CAST(0x00009D34011FBB8D AS DateTime))
INSERT [dbo].[aspnet_Users] ([ApplicationId], [UserId], [UserName], [LoweredUserName], [MobileAlias], [IsAnonymous], [LastActivityDate]) VALUES (N'4450c5b0-924e-4de8-ba94-0ece7434e80c', N'763a6b6b-ee08-40e9-8456-9e01708cf63d', N'ADATUM\mary', N'adatum\mary', NULL, 0, CAST(0x00009D3401204036 AS DateTime))
INSERT [dbo].[aspnet_Users] ([ApplicationId], [UserId], [UserName], [LoweredUserName], [MobileAlias], [IsAnonymous], [LastActivityDate]) VALUES (N'4450c5b0-924e-4de8-ba94-0ece7434e80c', N'363a6b6b-ee08-40e9-8456-9e01708cf63d', N'ADATUM\bob', N'adatum\bob', NULL, 0, CAST(0x00009D3401204036 AS DateTime))
		
INSERT [dbo].[aspnet_Roles] ([ApplicationId], [RoleId], [RoleName], [LoweredRoleName], [Description]) VALUES (N'4450c5b0-924e-4de8-ba94-0ece7434e80c', N'c6235664-3fff-4fd2-a9bf-51efb741ac45', N'Employee', N'employee', NULL)
INSERT [dbo].[aspnet_Roles] ([ApplicationId], [RoleId], [RoleName], [LoweredRoleName], [Description]) VALUES (N'4450c5b0-924e-4de8-ba94-0ece7434e80c', N'e5a7ccdb-3240-44d7-8ce9-8cf9f971704b', N'Manager', N'manager', NULL)
INSERT [dbo].[aspnet_UsersInRoles] ([UserId], [RoleId]) VALUES (N'016d7f30-181c-4e97-9447-23374e459427', N'c6235664-3fff-4fd2-a9bf-51efb741ac45')
INSERT [dbo].[aspnet_UsersInRoles] ([UserId], [RoleId]) VALUES (N'763a6b6b-ee08-40e9-8456-9e01708cf63d', N'c6235664-3fff-4fd2-a9bf-51efb741ac45')
INSERT [dbo].[aspnet_UsersInRoles] ([UserId], [RoleId]) VALUES (N'763a6b6b-ee08-40e9-8456-9e01708cf63d', N'e5a7ccdb-3240-44d7-8ce9-8cf9f971704b')
INSERT [dbo].[aspnet_UsersInRoles] ([UserId], [RoleId]) VALUES (N'363a6b6b-ee08-40e9-8456-9e01708cf63d', N'c6235664-3fff-4fd2-a9bf-51efb741ac45')
INSERT [dbo].[aspnet_UsersInRoles] ([UserId], [RoleId]) VALUES (N'363a6b6b-ee08-40e9-8456-9e01708cf63d', N'e5a7ccdb-3240-44d7-8ce9-8cf9f971704b')
INSERT [dbo].[aspnet_Membership] ([ApplicationId], [UserId], [Password], [PasswordFormat], [PasswordSalt], [MobilePIN], [Email], [LoweredEmail], [PasswordQuestion], [PasswordAnswer], [IsApproved], [IsLockedOut], [CreateDate], [LastLoginDate], [LastPasswordChangedDate], [LastLockoutDate], [FailedPasswordAttemptCount], [FailedPasswordAttemptWindowStart], [FailedPasswordAnswerAttemptCount], [FailedPasswordAnswerAttemptWindowStart], [Comment]) VALUES (N'4450c5b0-924e-4de8-ba94-0ece7434e80c', N'016d7f30-181c-4e97-9447-23374e459427', N'96l4oPFilscHFmvrjakgxl+LwTs=', 1, N'557MuvKetj4vy/dxBvwdrg==', NULL, N'johndoe@adatum.com', N'johndoe@adatum.com', N'pet', N'w7jMPgwv3lFtyU74OK9l4ytX5lc=', 1, 0, CAST(0x00009D34011FBB60 AS DateTime), CAST(0x00009D34011FBB8D AS DateTime), CAST(0x00009D34011FBB60 AS DateTime), CAST(0xFFFF2FB300000000 AS DateTime), 0, CAST(0xFFFF2FB300000000 AS DateTime), 0, CAST(0xFFFF2FB300000000 AS DateTime), NULL)
INSERT [dbo].[aspnet_Membership] ([ApplicationId], [UserId], [Password], [PasswordFormat], [PasswordSalt], [MobilePIN], [Email], [LoweredEmail], [PasswordQuestion], [PasswordAnswer], [IsApproved], [IsLockedOut], [CreateDate], [LastLoginDate], [LastPasswordChangedDate], [LastLockoutDate], [FailedPasswordAttemptCount], [FailedPasswordAttemptWindowStart], [FailedPasswordAnswerAttemptCount], [FailedPasswordAnswerAttemptWindowStart], [Comment]) VALUES (N'4450c5b0-924e-4de8-ba94-0ece7434e80c', N'763a6b6b-ee08-40e9-8456-9e01708cf63d', N'LyOEcDUYP6CztkUvOK/Jgw3inxA=', 1, N'uKhcnfN++3GG4ffaoQLPbg==', NULL, N'mary@adatum.com', N'mary@adatum.com', N'pet', N'M/khtJ2fjHAyPB/spfmfyHpXZrc=', 1, 0, CAST(0x00009D3401203FCC AS DateTime), CAST(0x00009D3401204036 AS DateTime), CAST(0x00009D3401203FCC AS DateTime), CAST(0xFFFF2FB300000000 AS DateTime), 0, CAST(0xFFFF2FB300000000 AS DateTime), 0, CAST(0xFFFF2FB300000000 AS DateTime), NULL)
INSERT [dbo].[aspnet_Membership] ([ApplicationId], [UserId], [Password], [PasswordFormat], [PasswordSalt], [MobilePIN], [Email], [LoweredEmail], [PasswordQuestion], [PasswordAnswer], [IsApproved], [IsLockedOut], [CreateDate], [LastLoginDate], [LastPasswordChangedDate], [LastLockoutDate], [FailedPasswordAttemptCount], [FailedPasswordAttemptWindowStart], [FailedPasswordAnswerAttemptCount], [FailedPasswordAnswerAttemptWindowStart], [Comment]) VALUES (N'4450c5b0-924e-4de8-ba94-0ece7434e80c', N'363a6b6b-ee08-40e9-8456-9e01708cf63d', N'LyOEcDUYP6CztkUvOK/Jgw3inxA=', 1, N'uKhcnfN++3GG4ffaoQLPbg==', NULL, N'bob@adatum.com', N'bob@adatum.com', N'pet', N'M/khtJ2fjHAyPB/spfmfyHpXZrc=', 1, 0, CAST(0x00009D3401203FCC AS DateTime), CAST(0x00009D3401204036 AS DateTime), CAST(0x00009D3401203FCC AS DateTime), CAST(0xFFFF2FB300000000 AS DateTime), 0, CAST(0xFFFF2FB300000000 AS DateTime), 0, CAST(0xFFFF2FB300000000 AS DateTime), NULL)

/* If you change values below be aware: DisplayName:S:0:8 is saying that the display name will go from 0 to 8 */ 
INSERT [dbo].[aspnet_Profile] ([UserId], [PropertyNames], [PropertyValuesString], [PropertyValuesBinary], [LastUpdatedDate]) VALUES (N'016d7f30-181c-4e97-9447-23374e459427', N'PreferredReimbursementMethod:S:0:4:', N'Cash', 0x, CAST(0x00009D350046F628 AS DateTime))
INSERT [dbo].[aspnet_Profile] ([UserId], [PropertyNames], [PropertyValuesString], [PropertyValuesBinary], [LastUpdatedDate]) VALUES (N'763a6b6b-ee08-40e9-8456-9e01708cf63d', N'PreferredReimbursementMethod:S:0:5:', N'Check', 0x, CAST(0x00009D350046F628 AS DateTime))
INSERT [dbo].[aspnet_Profile] ([UserId], [PropertyNames], [PropertyValuesString], [PropertyValuesBinary], [LastUpdatedDate]) VALUES (N'363a6b6b-ee08-40e9-8456-9e01708cf63d', N'PreferredReimbursementMethod:S:0:5:', N'Check', 0x, CAST(0x00009D350046F628 AS DateTime))
